{"cameraMode":{"drawMode":0,"name":"Shaded","section":"Shading Mode"},"sceneLighting":false,"audioPlay":false,"sceneViewState":{"m_AlwaysRefresh":false,"showFog":true,"showSkybox":false,"showFlares":true,"showImageEffects":true,"showParticleSystems":true,"showVisualEffectGraphs":true,"m_FxEnabled":true},"in2DMode":false,"pivot":{"x":-5.645999908447266,"y":0.9890000224113464,"z":1.2869999408721924},"rotation":{"x":0.33302026987075808,"y":0.39535340666770937,"z":-0.15653356909751893,"w":0.8416599631309509},"size":0.061237335205078128,"orthographic":false}