{"cameraMode":{"drawMode":0,"name":"Shaded","section":"Shading Mode"},"sceneLighting":true,"audioPlay":false,"sceneViewState":{"m_AlwaysRefresh":false,"showFog":true,"showSkybox":true,"showFlares":true,"showImageEffects":true,"showParticleSystems":true,"showVisualEffectGraphs":true,"m_FxEnabled":true},"in2DMode":false,"pivot":{"x":174.29583740234376,"y":2.520000457763672,"z":-50.1297721862793},"rotation":{"x":0.04709939658641815,"y":0.9503495693206787,"z":-0.17915262281894685,"w":0.25021567940711977},"size":12.466146469116211,"orthographic":false}