{"cameraMode":{"drawMode":0,"name":"Shaded","section":"Shading Mode"},"sceneLighting":true,"audioPlay":false,"sceneViewState":{"m_AlwaysRefresh":false,"showFog":true,"showSkybox":true,"showFlares":true,"showImageEffects":true,"showParticleSystems":true,"showVisualEffectGraphs":true,"m_FxEnabled":true},"in2DMode":false,"pivot":{"x":220.49954223632813,"y":1.5064773559570313,"z":13.981422424316407},"rotation":{"x":0.25965654850006106,"y":0.29501837491989138,"z":-0.08372600376605988,"w":0.9157710671424866},"size":98.17359161376953,"orthographic":false}