{"cameraMode":{"drawMode":0,"name":"Shaded","section":"Shading Mode"},"sceneLighting":true,"audioPlay":false,"sceneViewState":{"m_AlwaysRefresh":false,"showFog":true,"showSkybox":true,"showFlares":true,"showImageEffects":true,"showParticleSystems":true,"showVisualEffectGraphs":true,"m_FxEnabled":true},"in2DMode":false,"pivot":{"x":0.013055741786956787,"y":-0.02626335620880127,"z":-0.021517634391784669},"rotation":{"x":-0.3637735843658447,"y":0.2494494915008545,"z":-0.10168185085058212,"w":-0.8917415142059326},"size":18.037288665771486,"orthographic":false}