{"cameraMode":{"drawMode":0,"name":"Shaded","section":"Shading Mode"},"sceneLighting":true,"audioPlay":false,"sceneViewState":{"m_AlwaysRefresh":false,"showFog":true,"showSkybox":true,"showFlares":true,"showImageEffects":true,"showParticleSystems":true,"showVisualEffectGraphs":true,"m_FxEnabled":true},"in2DMode":false,"pivot":{"x":148.90867614746095,"y":-4.605635643005371,"z":56.869293212890628},"rotation":{"x":0.26790332794189455,"y":-0.0638657882809639,"z":0.01772668957710266,"w":0.9612177610397339},"size":21.613136291503908,"orthographic":false}